Bielkowo i Kobylanka os. Makowe ,2025-12-30,2026-01-13,2026-01-27,2026-02-10,2026-02-24,2026-03-10,2026-03-24,2026-04-08,2026-04-21,2026-05-05,2026-05-19,2026-06-02,2026-06-16,2026-06-30,2026-07-14,2026-07-28,2026-08-11,2026-08-25,2026-09-08,2026-09-22,2026-10-06,2026-10-20,2026-11-03,2026-11-17,2026-12-01,2026-12-15,2026-12-29,
Cisewo,2025-12-22,2026-01-07,2026-01-20,2026-02-03,2026-02-17,2026-03-03,2026-03-17,2026-03-31,2026-04-14,2026-04-28,2026-05-12,2026-05-26,2026-06-09,2026-06-23,2026-07-07,2026-07-21,2026-08-04,2026-08-18,2026-09-01,2026-09-15,2026-09-29,2026-10-13,2026-10-27,2026-11-10,2026-11-24,2026-12-08,2026-12-21,
Gajęcki Ług,2025-12-22,2026-01-07,2026-01-20,2026-02-03,2026-02-17,2026-03-03,2026-03-17,2026-03-31,2026-04-14,2026-04-28,2026-05-12,2026-05-26,2026-06-09,2026-06-23,2026-07-07,2026-07-21,2026-08-04,2026-08-18,2026-09-01,2026-09-15,2026-09-29,2026-10-13,2026-10-27,2026-11-10,2026-11-24,2026-12-08,2026-12-21,
"Jęczydół i Morzyczyn 4,5",2025-12-30,2026-01-13,2026-01-27,2026-02-10,2026-02-24,2026-03-10,2026-03-24,2026-04-08,2026-04-21,2026-05-05,2026-05-19,2026-06-02,2026-06-16,2026-06-30,2026-07-14,2026-07-28,2026-08-11,2026-08-25,2026-09-08,2026-09-22,2026-10-06,2026-10-20,2026-11-03,2026-11-17,2026-12-01,2026-12-15,2026-12-29,
Kałęga,2025-12-30,2026-01-13,2026-01-27,2026-02-10,2026-02-24,2026-03-10,2026-03-24,2026-04-08,2026-04-21,2026-05-05,2026-05-19,2026-06-02,2026-06-16,2026-06-30,2026-07-14,2026-07-28,2026-08-11,2026-08-25,2026-09-08,2026-09-22,2026-10-06,2026-10-20,2026-11-03,2026-11-17,2026-12-01,2026-12-15,2026-12-29,
Kobylanka,2025-12-23,2026-01-08,2026-01-21,2026-02-04,2026-02-18,2026-03-04,2026-03-18,2026-04-01,2026-04-15,2026-04-29,2026-05-13,2026-05-27,2026-06-10,2026-06-24,2026-07-08,2026-07-22,2026-08-05,2026-08-19,2026-09-02,2026-09-16,2026-09-30,2026-10-14,2026-10-28,2026-11-12,2026-11-25,2026-12-09,2026-12-22,
Kunowo,2025-12-18,2026-01-02,2026-01-15,2026-01-29,2026-02-12,2026-02-26,2026-03-12,2026-03-26,2026-04-10,2026-04-23,2026-05-07,2026-05-21,2026-06-05,2026-06-18,2026-07-02,2026-07-16,2026-07-30,2026-08-13,2026-08-27,2026-09-10,2026-09-24,2026-10-08,2026-10-22,2026-11-05,2026-11-19,2026-12-03,2026-12-17,2026-12-31
Miedwiecko,2025-12-18,2026-01-02,2026-01-15,2026-01-29,2026-02-12,2026-02-26,2026-03-12,2026-03-26,2026-04-10,2026-04-23,2026-05-07,2026-05-21,2026-06-05,2026-06-18,2026-07-02,2026-07-16,2026-07-30,2026-08-13,2026-08-27,2026-09-10,2026-09-24,2026-10-08,2026-10-22,2026-11-05,2026-11-19,2026-12-03,2026-12-17,2026-12-31
Morzyczyn,2025-12-31,2026-01-14,2026-01-28,2026-02-11,2026-02-25,2026-03-11,2026-03-25,2025-04-09,2026-04-22,2026-05-06,2026-05-20,2026-06-03,2026-06-17,2026-07-01,2026-07-15,2026-07-29,2026-08-12,2026-08-26,2026-09-09,2026-09-23,2026-10-07,2026-10-21,2026-11-04,2026-11-18,2026-12-02,2026-12-16,2026-12-30,
Motaniec,2025-12-30,2026-01-13,2026-01-27,2026-02-10,2026-02-24,2026-03-10,2026-03-24,2026-04-08,2026-04-21,2026-05-05,2026-05-19,2026-06-02,2026-06-16,2026-06-30,2026-07-14,2026-07-28,2026-08-11,2026-08-25,2026-09-08,2026-09-22,2026-10-06,2026-10-20,2026-11-03,2026-11-17,2026-12-01,2026-12-15,2026-12-29,
Niedźwiedź,2025-12-22,2026-01-07,2026-01-20,2026-02-03,2026-02-17,2026-03-03,2026-03-17,2026-03-31,2026-04-14,2026-04-28,2026-05-12,2026-05-26,2026-06-09,2026-06-23,2026-07-07,2026-07-21,2026-08-04,2026-08-18,2026-09-01,2026-09-15,2026-09-29,2026-10-13,2026-10-27,2026-11-10,2026-11-24,2026-12-08,2026-12-21,
Nowa Kobylanka,2025-12-30,2026-01-13,2026-01-27,2026-02-10,2026-02-24,2026-03-10,2026-03-24,2026-04-08,2026-04-21,2026-05-05,2026-05-19,2026-06-02,2026-06-16,2026-06-30,2026-07-14,2026-07-28,2026-08-11,2026-08-25,2026-09-08,2026-09-22,2026-10-06,2026-10-20,2026-11-03,2026-11-17,2026-12-01,2026-12-15,2026-12-29,
Rekowo,2025-12-30,2026-01-13,2026-01-27,2026-02-10,2026-02-24,2026-03-10,2026-03-24,2026-04-08,2026-04-21,2026-05-05,2026-05-19,2026-06-02,2026-06-16,2026-06-30,2026-07-14,2026-07-28,2026-08-11,2026-08-25,2026-09-08,2026-09-22,2026-10-06,2026-10-20,2026-11-03,2026-11-17,2026-12-01,2026-12-15,2026-12-29,
Reptowo,2025-12-22,2026-01-07,2026-01-20,2026-02-03,2026-02-17,2026-03-03,2026-03-17,2026-03-31,2026-04-14,2026-04-28,2026-05-12,2026-05-26,2026-06-09,2026-06-23,2026-07-07,2026-07-21,2026-08-04,2026-08-18,2026-09-01,2026-09-15,2026-09-29,2026-10-13,2026-10-27,2026-11-10,2026-11-24,2026-12-08,2026-12-21,
Wielichówko,2025-12-22,2026-01-07,2026-01-20,2026-02-03,2026-02-17,2026-03-03,2026-03-17,2026-03-31,2026-04-14,2026-04-28,2026-05-12,2026-05-26,2026-06-09,2026-06-23,2026-07-07,2026-07-21,2026-08-04,2026-08-18,2026-09-01,2026-09-15,2026-09-29,2026-10-13,2026-10-27,2026-11-10,2026-11-24,2026-12-08,2026-12-21,
Zagość,2025-12-18,2026-01-02,2026-01-15,2026-01-29,2026-02-12,2026-02-26,2026-03-12,2026-03-26,2026-04-10,2026-04-23,2026-05-07,2026-05-21,2026-06-05,2026-06-18,2026-07-02,2026-07-16,2026-07-30,2026-08-13,2026-08-27,2026-09-10,2026-09-24,2026-10-08,2026-10-22,2026-11-05,2026-11-19,2026-12-03,2026-12-17,2026-12-31
"Zieleniewo i ul. Brzozowa w Morzyczynie",2025-12-18,2026-01-02,2026-01-15,2026-01-29,2026-02-12,2026-02-26,2026-03-12,2026-03-26,2026-04-10,2026-04-23,2026-05-07,2026-05-21,2026-06-05,2026-06-18,2026-07-02,2026-07-16,2026-07-30,2026-08-13,2026-08-27,2026-09-10,2026-09-24,2026-10-08,2026-10-22,2026-11-05,2026-11-19,2026-12-03,2026-12-17,2026-12-31
"Morawsko, Cisowa 16, Morzyczyn - Hiszpańska 14, 22, Leśna 1, Ustronie, Portugalska, Włoska, Żołędziowa 27; Niedźwiedź - 26 B, 62F, Os.Dębowe Wzgórze 10, 11,15, Kałęga 3",2025-12-29,2026-01-12,2026-01-26,2026-02-09,2026-02-23,2026-03-09,2026-03-23,2026-04-07,2026-04-20,2026-05-04,2025-05-18,2026-06-01,2026-06-15,2026-06-29,2026-07-13,2026-07-27,2026-08-10,2026-08-24,2026-09-07,2026-09-21,2026-10-05,2026-10-19,2026-11-02,2026-11-16,2026-11-30,2026-12-14,2026-12-28,
